12
P001,Charlotte,Baker,456 Oak Lane,Portland,OR,97201,US,charlottebaker0@gmail.com,charlottebaker1@gmail.com,charlottebaker2@gmail.com
P002,William,Morris,789 Elm Street,Miami,FL,33101,US,williammorris0@yahoo.com,williammorris1@yahoo.com,williammorris2@yahoo.com
P003,Emily,Hall,1010 Pine Road,San Francisco,CA,94102,US,emilyhall0@outlook.com,emilyhall1@outlook.com
P004,James,Green,1111 Maple Drive,Detroit,MI,48201,US,jamesgreen0@gmail.com,jamesgreen1@gmail.com,jamesgreen2@gmail.com
P005,Elizabeth,Kim,1313 Cedar Boulevard,Seattle,WA,98101,US,elizabethkim0@yahoo.com,elizabethkim1@yahoo.com
P006,Noah,Turner,1414 Birch Court,Dallas,TX,75001,US,noahturner0@outlook.com,noahturner1@outlook.com
P007,Avery,Clark,1515 Spruce Avenue,Denver,CO,80202,US,averyclark0@gmail.com,averyclark1@gmail.com
P008,Chloe,Hernandez,1616 Walnut Place,Boston,MA,02101,US,chloehernandez0@yahoo.com,chloehernandez1@yahoo.com,chloehernandez2@yahoo.com
P009,Mason,Harris,1717 Poplar Street,Atlanta,GA,30303,US,masonharris0@outlook.com,masonharris1@outlook.com
P010,Abigail,Mitchell,1818 Chestnut Drive,New Orleans,LA,70112,US,abigailmitchell0@gmail.com,abigailmitchell1@gmail.com,abigailmitchell2@gmail.com
P011,Logan,Young,1919 Ash Avenue,Chicago,IL,60601,US loganyoung0@yahoo.com,loganyoung1@yahoo.com,loganyoung2@yahoo.com
P012,Harper,Rivera,2020 Oak Street,Phoenix,AZ,85001,US,harperivera0@outlook.com,harperivera1@outlook.com